id_venta,fecha,TIENDA_id_tienda,CLIENTE_id_cliente,EMPLEADO_id_empleado,ESTADO_VENTA_id_estado_venta
1,2026-08-23,3,10,11,2
2,2025-09-07,10,220,42,2
3,2025-02-08,5,105,19,2
4,2025-12-17,1,170,2,2
5,2025-11-26,20,267,87,2
6,2025-05-09,2,105,6,2
7,2026-03-11,6,126,22,2
8,2025-06-21,12,194,54,2
9,2025-06-29,18,284,75,2
10,2025-01-05,7,98,26,2
11,2025-02-09,19,210,80,3
12,2025-09-19,6,224,22,1
13,2025-09-06,13,127,56,2
14,2025-09-18,20,76,87,2
15,2026-06-15,13,42,57,3
16,2026-02-26,13,158,57,1
17,2025-08-03,12,138,52,3
18,2025-10-23,14,214,60,1
19,2025-07-10,15,109,65,2
20,2025-03-23,20,86,84,2
21,2025-01-08,1,137,1,1
22,2025-09-30,1,267,4,3
23,2025-12-31,13,30,57,1
24,2025-01-27,13,72,57,2
25,2025-01-04,17,97,73,3
26,2026-02-14,15,249,62,1
27,2025-10-28,16,198,66,2
28,2026-04-24,3,281,11,2
29,2025-06-14,14,15,60,3
30,2026-07-02,16,70,66,2
31,2025-08-17,18,120,77,2
32,2025-11-17,19,66,82,3
33,2026-03-10,19,199,81,2
34,2026-07-06,4,5,17,1
35,2026-05-30,20,159,86,3
36,2026-05-22,19,111,83,2
37,2025-11-03,6,201,24,3
38,2025-12-23,14,243,60,1
39,2025-11-28,13,68,55,1
40,2026-05-10,6,227,22,2
41,2026-01-21,12,76,51,3
42,2025-06-02,17,223,72,2
43,2025-10-09,3,196,12,2
44,2026-05-11,4,197,15,3
45,2026-02-08,6,11,24,2
46,2026-04-03,6,285,21,1
47,2025-09-20,6,288,21,1
48,2025-01-01,12,217,52,2
49,2025-11-17,5,252,20,2
50,2025-05-26,8,97,31,2
51,2025-03-18,5,217,20,2
52,2025-07-17,7,138,25,1
53,2025-10-04,20,40,85,2
54,2025-10-07,3,171,11,2
55,2025-04-08,6,251,23,2
56,2026-07-19,6,273,23,2
57,2025-10-01,5,291,19,2
58,2025-10-21,12,258,54,2
59,2026-08-13,8,85,31,2
60,2026-02-20,18,64,79,2
61,2025-06-22,8,230,31,1
62,2026-01-24,2,254,8,2
63,2025-10-28,10,248,43,2
64,2026-05-15,17,238,70,2
65,2026-02-16,1,96,3,2
66,2025-01-08,14,250,58,2
67,2026-03-26,18,56,76,1
68,2025-12-06,5,216,19,3
69,2026-05-16,9,216,35,2
70,2025-05-10,4,11,14,2
71,2026-03-21,14,5,60,2
72,2025-09-27,8,59,33,3
73,2026-08-29,4,97,15,2
74,2025-07-24,5,10,19,2
75,2026-05-06,8,219,33,2
76,2025-01-01,2,21,6,2
77,2025-11-08,16,172,68,2
78,2025-10-10,12,122,53,2
79,2025-11-05,3,176,13,1
80,2026-04-05,18,188,76,2
81,2025-10-24,6,67,23,2
82,2026-03-25,16,85,66,1
83,2026-06-22,17,258,73,2
84,2025-02-10,18,150,75,2
85,2025-03-27,12,167,53,3
86,2025-10-14,1,113,3,2
87,2025-07-31,9,283,40,1
88,2025-08-26,13,229,55,1
89,2026-05-18,6,292,22,3
90,2025-07-12,6,202,22,2
91,2025-04-13,4,7,15,2
92,2025-05-27,8,138,31,3
93,2025-03-29,18,174,79,2
94,2025-02-15,18,11,74,2
95,2025-10-21,13,181,55,2
96,2025-03-28,11,185,45,1
97,2025-10-21,14,155,58,2
98,2025-05-31,3,77,9,2
99,2025-12-28,5,198,18,2
100,2026-07-04,18,273,77,1
101,2026-01-07,1,9,2,2
102,2026-03-08,15,283,62,2
103,2025-02-25,1,191,4,1
104,2025-05-25,1,188,2,2
105,2025-11-03,5,271,20,2
106,2025-06-14,20,258,85,2
107,2026-06-19,6,48,23,2
108,2026-05-04,6,240,21,2
109,2025-09-03,12,15,53,2
110,2025-02-03,7,104,29,2
111,2025-04-06,2,162,5,3
112,2025-11-19,13,100,57,1
113,2025-06-03,17,258,70,2
114,2025-06-14,8,73,32,3
115,2025-09-02,14,199,58,2
116,2025-11-13,4,74,14,2
117,2025-10-14,10,35,42,2
118,2026-05-15,5,292,18,2
119,2026-06-03,12,212,51,2
120,2025-06-12,4,193,16,2
121,2025-04-22,15,239,65,2
122,2025-08-06,11,249,47,1
123,2026-01-25,11,17,49,2
124,2025-03-12,6,73,21,2
125,2025-07-08,17,133,71,1
126,2025-12-24,10,102,42,3
127,2026-07-29,19,6,83,1
128,2025-01-15,11,163,50,2
129,2026-08-16,5,231,20,2
130,2025-01-15,7,296,26,2
131,2025-12-27,14,181,59,1
132,2025-10-18,13,224,56,1
133,2025-04-13,4,279,17,2
134,2025-07-20,18,59,77,1
135,2025-08-18,13,192,55,2
136,2025-06-07,2,14,5,1
137,2025-02-22,7,202,29,1
138,2026-02-06,17,296,70,1
139,2026-01-27,1,293,1,2
140,2025-09-09,10,275,42,1
141,2026-04-16,19,57,80,3
142,2025-04-06,10,93,43,2
143,2026-01-20,7,215,30,1
144,2025-12-22,2,176,5,2
145,2026-07-03,7,16,29,2
146,2025-10-02,8,65,31,2
147,2026-02-14,16,263,69,3
148,2025-07-30,4,85,16,3
149,2026-08-04,13,103,56,2
150,2025-12-27,14,272,59,2
151,2025-08-09,12,38,52,1
152,2026-07-30,19,120,82,2
153,2025-11-22,19,223,83,1
154,2025-12-01,4,88,17,2
155,2026-02-17,15,68,63,2
156,2025-10-09,4,155,17,2
157,2026-01-18,15,63,64,3
158,2025-04-18,2,72,5,3
159,2025-04-24,2,23,7,2
160,2025-05-03,5,236,20,2
161,2025-10-15,19,251,83,2
162,2025-03-18,7,40,30,3
163,2025-07-12,7,198,28,2
164,2025-05-14,5,55,20,2
165,2026-08-15,14,158,58,2
166,2026-05-03,6,15,23,1
167,2026-01-14,2,140,8,2
168,2025-04-24,4,128,14,2
169,2025-08-20,18,142,74,1
170,2025-04-07,20,2,86,2
171,2026-05-01,15,7,62,2
172,2025-01-02,12,299,54,2
173,2025-04-07,8,76,32,2
174,2025-11-05,15,181,61,1
175,2026-05-25,8,183,32,2
176,2025-12-06,6,179,23,2
177,2025-01-09,12,57,53,2
178,2025-03-08,10,148,44,1
179,2025-01-06,2,157,8,2
180,2025-10-05,17,45,71,2
181,2026-03-09,12,198,52,2
182,2026-08-16,19,166,83,2
183,2026-04-18,3,291,11,2
184,2026-04-23,15,219,63,2
185,2026-07-11,8,66,33,1
186,2025-03-28,17,28,73,2
187,2025-03-04,19,170,83,2
188,2025-11-05,5,80,18,2
189,2025-05-04,3,79,9,2
190,2025-07-08,10,248,44,1
191,2025-09-04,1,73,2,2
192,2026-01-31,12,201,53,1
193,2026-04-14,5,146,18,2
194,2025-10-11,5,235,19,2
195,2025-06-05,17,90,70,2
196,2026-08-13,13,93,56,1
197,2025-01-31,13,24,55,1
198,2025-08-31,16,119,68,2
199,2026-01-19,2,227,5,2
200,2026-07-24,13,294,55,2
201,2026-08-20,17,45,71,2
202,2025-07-09,19,175,80,1
203,2026-03-26,18,35,75,2
204,2025-01-24,20,170,88,2
205,2026-02-13,20,160,88,2
206,2025-07-25,11,134,48,2
207,2025-03-16,2,253,6,1
208,2026-07-19,20,42,88,2
209,2025-11-07,12,245,54,1
210,2026-07-20,13,10,57,2
211,2025-07-18,20,181,86,2
212,2026-08-05,8,275,34,2
213,2025-02-14,15,145,62,2
214,2026-07-11,3,129,9,2
215,2026-07-09,17,164,72,2
216,2025-05-21,9,105,35,1
217,2026-03-27,5,121,18,2
218,2026-05-23,2,197,7,2
219,2025-12-23,10,278,41,3
220,2025-02-28,20,219,87,1
221,2026-01-26,17,84,72,2
222,2026-02-09,10,293,43,2
223,2025-07-03,19,136,82,2
224,2025-03-01,16,210,67,2
225,2025-10-10,15,133,62,2
226,2025-11-21,6,297,24,2
227,2025-08-29,18,23,79,2
228,2026-08-08,8,167,32,2
229,2025-02-01,12,151,54,2
230,2026-01-23,17,111,72,1
231,2026-08-02,3,115,9,2
232,2026-08-13,11,100,47,2
233,2026-01-06,8,210,34,2
234,2026-08-07,15,118,64,1
235,2025-10-21,5,134,20,2
236,2025-07-04,19,102,83,1
237,2025-04-14,18,241,79,2
238,2026-02-02,5,272,20,3
239,2025-12-11,10,173,41,2
240,2026-03-23,15,231,64,2
241,2026-01-24,19,233,82,2
242,2026-06-15,11,289,45,1
243,2025-10-12,7,266,28,2
244,2025-09-23,8,148,32,3
245,2025-07-31,9,50,36,2
246,2026-03-13,7,293,27,1
247,2026-05-21,4,222,17,2
248,2026-06-04,3,81,11,2
249,2026-07-26,17,98,72,1
250,2025-06-05,7,241,27,2
251,2026-03-21,17,2,71,2
252,2026-05-11,19,179,81,2
253,2026-07-11,13,183,57,2
254,2026-03-12,15,127,63,2
255,2025-01-30,16,121,69,2
256,2026-03-12,14,227,59,2
257,2026-02-24,2,230,7,2
258,2025-01-22,20,11,88,1
259,2026-06-16,18,26,74,2
260,2025-08-09,12,212,53,2
261,2025-10-17,16,81,66,2
262,2025-05-15,13,206,57,1
263,2026-08-26,1,49,2,1
264,2025-07-27,10,235,43,2
265,2026-02-08,13,255,55,3
266,2025-08-26,19,204,80,2
267,2025-03-27,7,128,28,2
268,2026-08-02,5,165,18,2
269,2025-08-30,18,161,77,2
270,2025-05-05,1,267,2,2
271,2025-05-01,13,152,55,2
272,2026-06-16,10,191,42,2
273,2025-01-06,5,35,19,2
274,2025-03-10,2,81,8,2
275,2026-02-17,19,189,82,3
276,2025-09-27,7,92,27,2
277,2025-06-22,20,108,87,2
278,2025-02-23,1,40,3,2
279,2026-06-19,16,160,68,2
280,2026-03-29,5,287,19,2
281,2025-08-07,15,218,63,2
282,2025-12-03,7,159,25,2
283,2025-10-08,13,130,55,2
284,2026-01-14,16,20,66,2
285,2026-07-12,2,50,7,2
286,2025-03-04,1,214,4,2
287,2025-01-04,17,89,73,2
288,2025-07-06,3,47,9,1
289,2026-04-17,1,192,2,2
290,2025-07-02,13,147,57,2
291,2026-08-16,3,182,12,2
292,2025-12-17,12,107,53,1
293,2026-08-24,16,240,67,2
294,2025-07-11,11,52,47,3
295,2026-03-22,20,295,87,1
296,2025-04-21,2,260,6,2
297,2025-02-25,5,171,18,3
298,2025-06-26,1,103,2,2
299,2026-05-04,18,3,76,2
300,2025-09-06,16,238,69,1
301,2026-02-08,11,218,47,2
302,2026-05-29,12,175,53,1
303,2026-03-12,11,93,48,2
304,2025-03-26,17,239,70,2
305,2025-01-12,19,233,83,2
306,2025-12-10,17,243,72,1
307,2026-03-22,7,233,29,2
308,2025-01-25,11,152,50,2
309,2025-02-07,2,183,5,2
310,2025-09-07,9,235,37,3
311,2025-03-22,4,263,17,2
312,2026-08-08,14,99,58,2
313,2025-07-10,7,141,28,2
314,2026-03-01,14,10,58,1
315,2026-04-17,8,148,31,2
316,2026-05-26,15,237,62,2
317,2025-08-01,16,43,68,1
318,2026-03-18,20,290,86,2
319,2026-01-23,13,68,57,2
320,2025-06-12,19,92,82,1
321,2026-06-30,11,275,49,2
322,2026-01-28,15,51,62,2
323,2025-01-24,20,210,88,2
324,2026-06-08,1,283,4,1
325,2025-03-08,11,151,46,1
326,2026-04-18,15,91,62,2
327,2025-02-03,15,4,61,1
328,2026-03-26,20,13,88,2
329,2026-03-27,13,262,57,2
330,2025-12-14,6,212,23,2
331,2025-09-24,15,126,64,2
332,2025-01-27,5,148,20,2
333,2025-06-08,16,151,69,1
334,2026-08-22,19,76,82,2
335,2025-11-18,12,257,52,2
336,2025-07-31,11,159,46,2
337,2026-01-08,17,104,71,1
338,2026-08-04,3,229,9,2
339,2025-09-30,15,21,62,2
340,2025-03-04,5,156,20,2
341,2025-07-21,11,38,50,2
342,2026-03-30,19,58,83,1
343,2025-10-05,1,209,3,2
344,2025-12-16,9,128,39,2
345,2025-11-08,6,222,21,2
346,2025-04-16,11,242,49,1
347,2026-06-13,6,167,22,3
348,2025-12-29,5,171,19,1
349,2026-04-13,14,72,59,1
350,2025-11-26,10,13,43,2
351,2026-08-31,6,246,23,2
352,2025-03-02,8,193,33,2
353,2025-06-05,11,212,50,1
354,2025-01-23,18,150,78,2
355,2025-11-25,15,95,62,2
356,2026-03-14,5,211,18,2
357,2025-12-08,16,295,68,2
358,2025-07-15,3,240,13,1
359,2026-02-16,17,11,73,2
360,2025-08-17,14,133,58,2
361,2025-07-05,5,158,18,2
362,2025-08-02,11,118,47,2
363,2025-08-02,13,228,55,2
364,2026-01-02,7,251,25,1
365,2025-01-17,17,234,70,2
366,2025-10-09,13,9,56,1
367,2025-10-28,2,108,5,2
368,2025-07-28,6,255,21,2
369,2025-02-17,2,209,6,2
370,2026-07-04,16,213,69,2
371,2026-01-10,5,277,19,3
372,2025-08-13,19,65,81,2
373,2025-08-20,10,128,41,2
374,2026-01-19,5,217,19,1
375,2025-09-01,1,18,2,2
376,2026-07-13,15,135,65,2
377,2025-12-17,18,50,77,1
378,2025-10-30,4,282,14,2
379,2025-01-18,5,114,20,2
380,2025-06-20,18,272,75,2
381,2025-07-27,5,218,20,2
382,2026-07-24,1,129,1,1
383,2026-02-05,13,215,55,2
384,2026-03-31,4,106,15,2
385,2025-05-08,8,153,34,2
386,2025-10-26,19,250,81,2
387,2026-03-08,8,222,34,2
388,2025-09-15,17,215,72,3
389,2026-05-22,16,300,67,2
390,2026-08-13,2,51,5,2
391,2026-06-20,15,294,64,2
392,2026-02-27,11,150,45,1
393,2025-06-14,11,135,48,2
394,2025-04-03,11,52,47,2
395,2026-01-06,12,225,53,1
396,2026-07-06,17,287,72,2
397,2026-06-30,9,175,36,2
398,2025-02-11,11,227,46,2
399,2025-08-10,8,226,32,2
400,2026-08-18,14,266,58,2
401,2025-03-20,11,183,49,3
402,2026-06-04,19,50,81,1
403,2025-02-24,15,295,63,2
404,2025-03-07,12,76,54,1
405,2025-05-17,20,221,87,3
406,2026-08-07,10,120,43,1
407,2025-03-07,12,37,51,2
408,2025-04-07,4,46,16,3
409,2025-09-16,12,221,52,2
410,2026-06-21,11,49,48,2
411,2025-01-13,6,271,21,2
412,2025-04-10,18,177,75,1
413,2025-02-01,6,228,22,2
414,2026-05-25,19,52,81,2
415,2025-03-09,15,284,61,2
416,2025-04-04,16,267,66,1
417,2025-10-17,18,103,79,2
418,2026-07-29,16,165,66,2
419,2025-02-19,10,161,42,2
420,2026-06-21,14,261,60,1
421,2025-07-28,8,38,33,2
422,2025-12-05,10,124,41,3
423,2026-08-08,20,217,86,1
424,2025-09-17,9,250,36,2
425,2025-12-02,3,275,10,2
426,2025-07-26,4,203,14,3
427,2025-07-08,8,199,31,2
428,2026-05-31,5,22,19,1
429,2025-07-25,6,237,23,3
430,2025-03-07,5,259,19,2
431,2025-10-22,3,271,10,2
432,2025-11-26,17,87,70,2
433,2025-08-18,13,62,57,1
434,2026-02-01,19,145,83,2
435,2026-07-04,16,233,67,1
436,2026-03-19,6,11,23,1
437,2025-12-28,8,65,34,2
438,2025-08-11,17,126,71,1
439,2025-05-25,10,202,42,2
440,2026-01-31,15,106,61,2
441,2025-09-09,14,240,59,1
442,2025-04-10,20,19,88,1
443,2025-11-17,2,47,7,3
444,2026-04-03,20,299,86,2
445,2026-06-30,6,61,24,3
446,2026-04-01,8,76,31,2
447,2026-03-28,6,186,21,2
448,2025-07-01,3,36,11,2
449,2026-08-28,20,9,87,2
450,2025-02-23,16,86,68,2
451,2025-02-02,3,283,11,2
452,2026-02-02,7,195,28,2
453,2026-07-20,5,134,19,2
454,2025-03-18,5,125,18,2
455,2025-06-09,1,37,3,2
456,2025-08-04,14,120,60,2
457,2025-07-10,16,254,67,2
458,2025-05-28,6,135,22,1
459,2026-02-27,6,152,24,2
460,2025-03-05,10,34,42,2
461,2025-03-09,11,186,49,2
462,2025-12-28,19,22,81,2
463,2025-11-21,14,72,58,2
464,2025-04-08,19,112,81,2
465,2026-05-27,8,250,32,2
466,2025-08-29,16,73,68,2
467,2026-06-27,20,67,84,2
468,2025-12-01,14,108,58,1
469,2025-05-11,11,100,50,3
470,2026-04-27,8,289,34,1
471,2025-07-17,3,200,12,1
472,2025-05-30,20,288,87,1
473,2026-06-21,10,100,41,1
474,2026-01-13,1,41,4,2
475,2025-10-10,4,234,16,2
476,2026-07-18,11,193,50,2
477,2026-05-24,17,68,70,2
478,2026-01-01,8,185,31,2
479,2025-08-01,5,46,20,2
480,2025-02-13,2,246,6,2
481,2025-01-25,1,253,3,1
482,2025-08-06,17,204,71,2
483,2025-12-09,6,132,22,2
484,2025-02-12,7,58,26,2
485,2026-01-05,7,156,29,2
486,2025-07-31,7,171,26,2
487,2025-01-01,8,55,31,1
488,2026-08-05,10,196,44,3
489,2026-03-10,7,98,30,1
490,2025-09-27,4,73,16,2
491,2026-07-25,8,297,34,2
492,2026-01-22,7,204,25,2
493,2025-10-01,10,104,44,2
494,2025-08-26,18,251,79,1
495,2026-01-16,18,192,75,1
496,2026-04-24,19,191,83,3
497,2025-03-30,14,222,59,2
498,2025-05-29,2,260,7,2
499,2025-04-17,4,267,14,2
500,2026-02-07,12,268,54,2
501,2025-05-28,1,254,1,3
502,2025-01-17,4,13,15,2
503,2026-01-02,15,217,61,1
504,2026-08-31,10,245,44,2
505,2025-01-28,19,252,82,2
506,2025-09-05,15,173,64,2
507,2026-06-03,5,15,20,2
508,2026-06-14,9,61,39,2
509,2025-06-30,8,199,31,1
510,2025-04-14,8,60,34,2
511,2025-04-19,1,279,3,2
512,2025-09-27,3,45,9,1
513,2026-01-18,7,280,28,2
514,2025-01-12,10,201,42,2
515,2025-09-07,10,164,42,1
516,2026-07-21,4,199,15,2
517,2025-03-16,3,263,12,2
518,2026-03-19,9,31,38,2
519,2026-02-21,5,261,19,2
520,2026-03-04,14,16,60,2
521,2025-11-07,9,175,38,1
522,2025-05-21,18,294,79,2
523,2026-09-01,9,148,37,2
524,2025-07-12,9,218,39,1
525,2025-07-29,18,165,78,1
526,2025-07-07,7,173,29,1
527,2025-09-16,5,37,19,2
528,2025-09-30,19,102,83,2
529,2025-02-12,4,28,16,1
530,2026-08-04,14,21,58,2
531,2025-08-14,14,119,58,2
532,2026-07-09,6,105,24,2
533,2025-08-15,4,209,15,2
534,2026-04-02,14,198,60,2
535,2026-01-25,5,197,20,2
536,2025-07-30,17,227,73,2
537,2025-11-18,13,112,55,2
538,2026-02-03,3,12,12,2
539,2025-09-24,8,188,33,2
540,2025-02-19,2,187,8,1
541,2025-03-23,18,129,74,2
542,2025-04-05,6,119,21,2
543,2025-10-03,3,52,9,1
544,2025-07-11,6,274,22,2
545,2025-05-19,17,202,70,2
546,2025-02-13,4,83,15,2
547,2025-12-29,17,267,73,1
548,2026-01-27,10,212,41,2
549,2025-11-06,15,72,65,2
550,2025-07-29,15,191,64,2
551,2025-03-21,15,222,64,2
552,2025-06-19,7,260,27,2
553,2025-08-12,2,261,5,2
554,2026-06-14,10,27,43,2
555,2026-03-27,5,170,19,1
556,2025-01-13,2,156,5,3
557,2026-08-05,5,281,19,2
558,2025-06-19,3,240,10,3
559,2026-07-26,16,296,68,2
560,2025-01-23,20,116,85,2
561,2026-07-23,9,76,35,2
562,2026-03-06,14,205,60,2
563,2026-03-19,2,208,8,2
564,2025-09-07,14,147,58,2
565,2025-01-09,4,43,14,2
566,2025-06-19,12,21,51,1
567,2025-10-01,13,56,56,2
568,2026-06-12,20,81,86,2
569,2026-02-15,12,151,53,2
570,2026-08-25,2,31,5,1
571,2026-08-17,10,164,43,2
572,2025-06-10,16,187,66,2
573,2025-12-01,11,69,48,1
574,2025-02-13,16,76,68,1
575,2025-01-10,6,20,24,2
576,2025-10-08,5,259,19,2
577,2025-10-19,18,23,77,2
578,2025-09-29,19,231,81,2
579,2026-06-28,13,3,56,2
580,2026-03-03,9,280,39,2
581,2025-12-03,8,288,34,2
582,2025-09-22,1,67,1,2
583,2026-07-16,10,278,43,2
584,2026-04-08,9,59,36,2
585,2025-03-30,18,10,76,3
586,2025-12-26,18,246,75,2
587,2026-05-22,19,117,80,2
588,2026-03-02,1,174,3,1
589,2026-05-22,19,243,81,2
590,2025-02-26,10,55,41,3
591,2025-03-18,9,211,37,3
592,2025-12-02,1,146,1,2
593,2025-09-28,12,49,51,1
594,2025-11-01,18,280,78,3
595,2025-02-23,3,138,11,2
596,2026-02-20,2,185,8,2
597,2025-05-10,1,112,4,2
598,2026-03-17,18,31,75,2
599,2026-05-25,4,131,17,2
600,2026-08-18,5,95,20,2
601,2025-10-11,13,112,55,3
602,2025-04-20,4,212,14,2
603,2025-07-31,7,75,30,2
604,2025-03-04,14,82,59,1
605,2025-10-22,7,57,28,2
606,2026-04-06,12,115,53,2
607,2026-01-29,1,249,2,2
608,2025-11-14,9,265,40,1
609,2025-09-16,4,145,15,1
610,2026-03-06,11,284,50,2
611,2026-08-24,14,140,59,2
612,2026-01-01,11,173,45,2
613,2025-05-21,3,290,9,2
614,2025-08-15,4,70,17,1
615,2025-08-03,9,231,40,2
616,2026-07-09,2,142,8,2
617,2025-10-12,17,295,71,2
618,2025-06-10,9,89,36,2
619,2025-05-18,2,116,8,2
620,2025-01-08,6,194,24,2
621,2025-08-05,4,81,14,2
622,2026-08-04,15,273,62,2
623,2026-01-20,7,152,28,1
624,2026-08-18,4,203,17,1
625,2026-06-05,5,26,18,1
626,2025-04-06,11,276,49,2
627,2026-03-29,3,76,13,2
628,2025-01-12,11,17,45,1
629,2025-04-11,3,247,10,2
630,2026-06-01,11,59,48,2
631,2025-03-20,10,268,44,2
632,2025-02-20,15,23,61,2
633,2026-01-22,17,208,71,2
634,2025-11-14,12,188,51,1
635,2025-12-30,20,236,88,1
636,2025-03-08,17,65,71,2
637,2025-09-25,18,3,78,2
638,2026-02-14,7,33,29,2
639,2025-11-01,6,209,23,2
640,2025-09-15,7,159,25,2
641,2025-07-11,12,22,53,2
642,2026-01-22,1,241,1,2
643,2026-06-16,18,257,79,2
644,2025-10-26,2,30,7,2
645,2025-05-25,4,114,17,1
646,2026-07-12,17,64,73,2
647,2025-11-27,7,208,26,3
648,2026-05-24,3,259,9,1
649,2025-07-09,17,6,70,2
650,2025-01-14,4,269,15,2
651,2025-12-21,7,189,28,2
652,2026-07-07,17,56,72,2
653,2026-06-02,6,111,22,2
654,2025-05-14,9,151,35,2
655,2025-05-12,17,60,70,2
656,2025-01-28,13,46,56,2
657,2026-08-09,18,224,75,2
658,2025-01-06,8,284,33,1
659,2025-08-06,5,24,19,2
660,2026-01-13,20,260,84,3
661,2026-04-09,19,9,81,3
662,2026-01-20,19,294,83,1
663,2025-10-30,15,268,61,2
664,2025-11-14,10,257,41,2
665,2026-08-01,5,207,19,2
666,2026-04-14,5,61,19,1
667,2026-01-06,17,167,71,1
668,2025-05-26,14,61,60,3
669,2026-03-21,18,76,79,1
670,2025-08-10,12,38,54,2
671,2025-06-02,9,278,38,2
672,2025-02-26,13,33,56,2
673,2025-02-27,3,271,12,2
674,2025-07-20,14,268,58,1
675,2026-03-28,9,254,35,2
676,2025-12-19,5,71,20,2
677,2026-08-02,13,83,55,1
678,2025-07-19,17,35,72,2
679,2025-03-23,4,279,17,2
680,2025-09-01,4,217,15,1
681,2025-03-18,7,230,26,1
682,2026-02-10,11,73,45,2
683,2025-09-14,8,105,34,1
684,2025-06-15,6,8,21,2
685,2026-03-13,16,120,69,1
686,2025-08-23,14,174,58,2
687,2025-03-04,4,245,17,2
688,2025-12-24,6,115,22,2
689,2025-09-29,18,54,77,2
690,2026-09-01,19,234,83,3
691,2025-05-10,18,82,74,1
692,2026-06-04,8,129,34,3
693,2025-03-09,20,284,88,2
694,2025-07-03,15,183,61,2
695,2026-05-22,20,237,84,2
696,2026-08-14,5,265,19,2
697,2025-09-01,13,96,57,2
698,2025-05-08,19,16,80,2
699,2026-08-31,17,236,73,2
700,2025-10-03,18,295,79,1
701,2025-12-12,11,273,46,1
702,2025-08-17,17,53,72,1
703,2026-06-16,12,251,51,2
704,2026-08-14,20,263,84,2
705,2026-08-19,7,171,29,2
706,2026-04-10,3,151,11,2
707,2025-04-10,14,269,59,2
708,2026-04-13,2,91,7,2
709,2026-01-05,16,140,66,2
710,2026-07-06,19,231,83,2
711,2026-08-26,18,174,79,2
712,2025-01-27,3,171,12,2
713,2025-03-16,12,119,52,3
714,2025-12-15,7,166,25,2
715,2026-06-17,10,146,43,2
716,2025-06-03,15,212,63,1
717,2025-03-13,12,108,53,2
718,2025-01-08,5,74,18,2
719,2025-09-26,17,213,71,2
720,2026-04-12,13,45,57,2
721,2026-05-11,18,137,79,2
722,2025-09-04,13,284,57,1
723,2026-08-02,7,112,28,1
724,2026-03-14,14,52,58,1
725,2025-09-08,6,187,23,1
726,2025-08-13,16,253,69,2
727,2026-03-26,15,299,65,2
728,2025-08-08,17,58,73,2
729,2025-02-25,5,204,19,2
730,2025-08-04,17,179,73,1
731,2025-01-18,2,104,5,2
732,2026-08-08,12,108,52,1
733,2025-04-05,6,13,23,2
734,2025-04-06,7,256,30,2
735,2025-06-11,5,107,18,2
736,2025-04-18,4,207,17,2
737,2026-03-25,11,271,50,3
738,2026-01-25,19,221,81,2
739,2025-10-16,17,77,70,2
740,2025-06-03,1,69,3,2
741,2026-08-21,19,66,82,2
742,2025-07-15,4,142,15,2
743,2025-05-25,3,14,10,3
744,2025-08-25,12,246,52,2
745,2026-02-27,14,12,59,2
746,2025-10-20,6,114,21,2
747,2026-03-10,16,189,69,1
748,2026-03-12,12,146,53,1
749,2025-01-03,9,223,38,2
750,2025-08-24,1,284,4,2
751,2025-06-01,12,55,54,2
752,2026-02-23,7,22,29,2
753,2025-10-10,10,272,43,2
754,2025-12-24,19,94,83,2
755,2025-07-23,4,171,14,3
756,2026-03-24,9,202,38,1
757,2025-02-28,16,17,66,3
758,2026-04-03,3,26,9,2
759,2025-01-04,19,294,82,2
760,2026-02-09,19,255,82,1
761,2025-10-27,14,285,59,2
762,2026-03-24,8,166,32,2
763,2025-01-27,6,72,24,2
764,2025-06-12,3,29,12,1
765,2026-01-14,4,121,14,1
766,2026-07-14,10,37,41,3
767,2026-03-27,12,293,52,3
768,2026-03-05,9,24,39,2
769,2025-06-19,6,139,24,2
770,2025-05-01,2,118,7,2
771,2026-05-15,16,91,67,2
772,2025-10-17,10,216,41,1
773,2025-06-06,3,6,12,2
774,2025-10-09,19,209,81,2
775,2025-08-22,18,257,79,2
776,2025-11-04,1,46,1,2
777,2025-04-21,7,209,30,2
778,2025-06-19,13,12,56,2
779,2025-07-17,11,17,50,1
780,2025-05-10,16,265,66,1
781,2026-07-19,1,237,4,2
782,2026-03-09,13,280,56,2
783,2025-11-16,10,291,44,1
784,2025-04-24,11,26,50,2
785,2025-02-15,12,196,52,2
786,2026-03-08,8,107,34,2
787,2026-09-01,1,13,1,1
788,2026-07-25,13,141,57,2
789,2025-12-15,12,227,54,2
790,2026-03-12,7,15,29,2
791,2025-12-22,4,172,17,2
792,2025-07-05,6,151,22,3
793,2026-02-04,11,35,49,2
794,2025-09-15,3,258,11,2
795,2025-05-11,16,287,69,2
796,2026-04-02,15,140,61,2
797,2025-09-15,2,271,6,2
798,2025-09-29,12,189,52,3
799,2026-05-31,18,120,79,2
800,2025-07-21,15,75,63,1
801,2025-10-20,5,230,20,1
802,2025-02-01,6,87,24,2
803,2025-02-12,20,127,87,2
804,2025-12-05,9,118,39,1
805,2025-10-21,15,259,64,2
806,2026-01-04,9,131,37,2
807,2025-11-25,18,8,74,2
808,2026-08-05,18,198,79,2
809,2025-04-18,16,246,67,2
810,2025-05-16,9,138,36,3
811,2025-04-26,8,78,31,3
812,2025-05-30,2,86,6,2
813,2026-01-31,1,268,1,2
814,2025-07-13,1,152,1,2
815,2025-02-18,8,262,31,1
816,2025-02-05,19,51,82,2
817,2025-03-18,19,225,83,2
818,2026-02-07,3,7,9,3
819,2026-02-13,18,52,76,2
820,2025-07-27,14,281,59,2
821,2025-01-16,6,236,24,2
822,2025-02-01,20,187,84,2
823,2025-05-16,5,45,18,2
824,2026-08-09,3,3,13,2
825,2026-04-13,4,250,17,2
826,2026-07-19,3,278,9,2
827,2025-06-16,14,91,59,2
828,2026-07-21,9,54,36,2
829,2025-01-01,5,255,19,1
830,2025-10-09,8,210,33,3
831,2025-10-14,18,168,78,2
832,2025-09-04,6,232,23,2
833,2025-04-04,18,31,79,2
834,2026-01-07,14,23,58,2
835,2025-01-05,19,8,82,3
836,2025-08-21,10,151,43,1
837,2025-12-19,19,212,81,2
838,2026-07-06,16,160,67,2
839,2025-07-07,12,114,54,2
840,2026-02-20,14,31,60,1
841,2026-05-31,9,278,37,2
842,2025-12-09,18,170,74,2
843,2026-08-02,13,106,55,2
844,2026-05-21,11,22,45,2
845,2025-05-26,13,10,55,2
846,2025-08-28,1,190,4,2
847,2025-01-11,19,31,82,2
848,2025-12-14,12,226,53,2
849,2025-08-25,19,15,82,1
850,2025-01-13,10,156,42,2
851,2026-06-03,7,24,28,2
852,2026-01-03,20,280,85,2
853,2025-03-02,13,18,55,2
854,2025-02-15,15,135,64,1
855,2026-08-07,7,100,30,1
856,2025-12-09,15,81,64,2
857,2025-05-14,13,131,56,1
858,2025-08-15,19,113,81,2
859,2025-02-17,19,216,80,2
860,2025-01-15,17,125,72,2
861,2025-10-16,5,4,20,1
862,2025-11-16,3,217,10,2
863,2026-01-14,1,235,2,2
864,2025-12-19,15,47,61,1
865,2025-12-28,4,35,15,3
866,2026-08-03,16,188,66,2
867,2025-03-25,11,282,49,1
868,2025-02-15,13,265,57,1
869,2026-06-06,17,89,73,2
870,2026-07-04,18,151,75,2
871,2025-08-05,9,143,38,1
872,2025-05-10,12,6,52,1
873,2025-08-13,2,77,7,1
874,2025-07-18,4,191,15,2
875,2025-08-25,1,177,1,3
876,2025-04-02,3,83,9,2
877,2025-01-30,6,62,22,2
878,2025-01-15,4,250,17,2
879,2025-03-28,8,79,34,2
880,2025-07-13,13,157,55,1
881,2025-04-01,5,61,19,2
882,2025-09-30,18,165,79,1
883,2026-02-22,2,51,8,2
884,2026-07-28,9,103,36,2
885,2025-09-24,8,126,32,3
886,2026-05-27,3,271,11,2
887,2026-08-24,11,206,48,1
888,2026-02-07,19,139,83,2
889,2025-12-07,1,294,1,3
890,2026-08-13,5,191,19,2
891,2025-07-05,19,137,80,2
892,2025-11-21,14,155,58,1
893,2025-04-17,8,116,34,3
894,2025-12-31,4,272,17,3
895,2026-07-25,18,48,77,2
896,2025-09-23,14,236,60,2
897,2025-08-16,11,76,50,3
898,2025-01-04,7,240,26,2
899,2025-01-26,15,33,65,3
900,2025-07-02,1,248,2,1
901,2025-11-05,4,14,17,2
902,2025-07-23,16,18,67,2
903,2025-12-19,19,127,83,2
904,2026-06-19,15,98,62,2
905,2025-08-21,12,67,52,2
906,2026-06-08,18,24,77,2
907,2025-12-29,5,52,19,2
908,2026-07-01,14,135,60,1
909,2025-05-26,7,79,30,3
910,2025-06-07,20,130,86,2
911,2025-12-12,2,94,8,2
912,2025-02-26,3,273,9,2
913,2025-01-14,18,77,76,1
914,2026-04-30,13,293,55,1
915,2026-03-15,3,45,11,3
916,2026-08-07,14,9,59,3
917,2026-08-29,13,109,57,2
918,2025-04-09,1,255,1,2
919,2026-02-18,19,221,81,2
920,2025-05-16,8,95,31,2
921,2026-08-09,12,107,52,3
922,2025-02-01,11,97,47,3
923,2025-01-25,4,181,14,1
924,2026-02-10,14,238,60,2
925,2025-09-21,12,18,54,1
926,2026-08-26,16,20,67,1
927,2025-08-17,5,195,20,2
928,2025-04-23,6,180,23,2
929,2026-06-22,3,149,11,2
930,2025-08-15,11,150,47,2
931,2026-04-07,9,297,37,2
932,2026-08-31,5,25,18,2
933,2025-01-09,8,54,32,3
934,2025-10-21,10,99,43,2
935,2025-11-08,9,222,39,2
936,2025-04-20,1,183,2,2
937,2025-12-05,17,98,73,2
938,2025-09-23,18,97,76,1
939,2025-05-19,7,81,28,2
940,2025-01-20,7,56,30,2
941,2026-08-06,2,73,7,1
942,2025-06-08,7,30,27,2
943,2025-07-23,15,82,63,2
944,2025-04-21,11,294,48,2
945,2025-03-11,14,226,59,1
946,2026-03-14,12,225,51,2
947,2025-08-25,2,89,5,1
948,2026-07-08,5,66,18,2
949,2025-05-16,15,84,62,2
950,2025-11-25,4,254,17,1
951,2026-04-26,8,79,34,2
952,2025-10-16,13,274,56,1
953,2025-03-28,6,67,21,2
954,2026-03-02,8,284,33,1
955,2025-08-19,16,19,68,2
956,2025-06-26,4,53,17,2
957,2026-01-20,5,58,18,2
958,2025-10-24,18,104,75,2
959,2026-01-22,6,192,21,1
960,2026-02-11,9,94,39,2
961,2025-06-24,16,164,69,2
962,2025-01-29,5,69,20,1
963,2026-08-29,7,78,25,2
964,2026-01-22,6,221,21,2
965,2025-08-17,7,55,30,1
966,2025-03-27,8,33,32,2
967,2026-07-11,12,223,52,2
968,2025-05-17,13,157,56,1
969,2025-09-08,15,246,65,1
970,2025-08-11,4,67,17,2
971,2025-11-09,7,9,26,1
972,2025-10-16,18,58,75,1
973,2026-08-26,15,209,62,2
974,2025-08-13,4,30,14,1
975,2026-07-12,18,100,76,2
976,2026-06-27,6,126,23,1
977,2026-08-02,14,88,60,1
978,2026-03-23,14,235,58,3
979,2025-08-08,20,105,87,1
980,2025-04-22,14,157,60,2
981,2025-04-12,7,79,26,1
982,2025-11-30,3,245,13,1
983,2026-01-15,4,217,14,1
984,2025-05-11,9,39,36,2
985,2025-12-25,18,154,79,1
986,2026-01-21,5,201,20,2
987,2025-11-30,10,176,42,2
988,2025-10-02,19,228,80,2
989,2026-02-10,3,294,12,2
990,2026-08-08,9,181,39,2
991,2026-06-16,8,235,33,3
992,2026-07-01,13,300,56,2
993,2025-05-02,1,88,3,1
994,2025-03-04,13,284,56,2
995,2025-12-04,1,22,2,2
996,2026-04-03,8,77,31,1
997,2025-07-28,13,183,55,2
998,2026-03-19,18,151,79,2
999,2025-02-05,16,213,67,2
1000,2025-05-15,10,130,43,2
1001,2026-01-19,14,206,60,2
1002,2026-05-05,20,224,88,2
1003,2025-11-11,1,256,3,2
1004,2025-01-07,8,161,32,2
1005,2025-02-27,7,86,25,2
1006,2026-04-20,16,74,67,2
1007,2025-07-05,18,88,76,2
1008,2026-01-13,17,251,72,2
1009,2025-10-03,15,158,64,2
1010,2026-08-18,15,183,61,2
1011,2026-06-27,8,64,32,2
1012,2026-05-01,14,263,58,2
1013,2026-03-22,1,285,3,2
1014,2025-12-02,14,109,59,1
1015,2025-10-13,16,150,67,1
1016,2026-02-10,10,108,42,2
1017,2026-06-30,2,25,5,2
1018,2026-09-01,4,277,14,2
1019,2026-07-29,12,88,54,3
1020,2025-07-03,17,27,70,2
1021,2026-04-19,20,42,87,2
1022,2026-02-05,16,268,67,3
1023,2025-08-03,7,16,30,2
1024,2025-12-11,18,141,74,2
1025,2026-08-14,4,240,17,2
1026,2026-07-06,3,259,11,1
1027,2025-09-04,4,295,14,1
1028,2026-05-01,18,294,75,2
1029,2025-05-06,18,258,74,2
1030,2026-05-24,11,272,50,2
1031,2025-03-03,7,124,27,1
1032,2025-03-30,10,127,44,1
1033,2025-10-25,4,195,14,2
1034,2026-09-01,1,279,2,2
1035,2025-03-20,9,212,35,2
1036,2026-02-24,11,154,49,1
1037,2025-01-09,5,110,19,2
1038,2026-08-16,15,271,61,2
1039,2025-09-24,14,206,59,1
1040,2025-10-04,20,233,88,1
1041,2026-04-10,5,64,19,2
1042,2025-07-27,9,18,40,2
1043,2025-08-16,15,263,63,1
1044,2025-12-24,1,58,1,2
1045,2025-02-05,6,44,22,1
1046,2026-08-02,19,52,82,2
1047,2025-05-28,20,51,86,2
1048,2026-02-21,13,295,56,2
1049,2025-04-13,7,215,26,2
1050,2025-02-21,4,111,17,2
1051,2026-09-01,5,17,18,2
1052,2026-08-21,7,279,28,2
1053,2025-01-13,5,289,19,2
1054,2026-01-25,4,277,15,2
1055,2025-04-24,14,254,58,2
1056,2025-05-29,8,28,34,1
1057,2025-07-05,1,176,2,2
1058,2025-01-24,16,193,67,2
1059,2025-03-22,5,210,19,1
1060,2026-01-27,12,58,53,2
1061,2025-06-24,18,47,78,1
1062,2025-05-10,14,216,60,2
1063,2026-08-02,15,46,65,2
1064,2025-02-14,3,154,12,2
1065,2026-07-08,11,143,46,2
1066,2025-06-22,6,5,22,2
1067,2025-01-02,1,169,3,1
1068,2026-02-17,13,150,55,2
1069,2026-02-20,4,61,16,1
1070,2026-05-22,5,72,18,2
1071,2026-07-11,1,154,3,3
1072,2025-02-11,9,126,38,2
1073,2025-04-05,17,163,70,1
1074,2025-07-28,1,186,1,2
1075,2026-08-19,19,146,82,1
1076,2025-05-23,9,9,40,1
1077,2025-01-02,8,148,34,2
1078,2025-07-17,15,184,62,2
1079,2025-05-23,6,287,21,2
1080,2026-02-12,12,147,51,2
1081,2026-02-23,2,219,7,2
1082,2025-04-02,15,16,61,1
1083,2025-04-02,14,180,58,2
1084,2026-01-26,8,160,33,1
1085,2025-08-31,4,171,14,2
1086,2025-04-14,6,163,22,1
1087,2026-02-01,1,215,4,3
1088,2025-10-28,15,139,65,2
1089,2026-02-27,12,19,51,3
1090,2025-05-30,17,155,73,2
1091,2025-06-04,18,57,75,2
1092,2025-10-17,1,142,4,2
1093,2025-03-24,7,282,29,2
1094,2026-06-25,17,34,71,2
1095,2025-03-26,10,143,42,1
1096,2025-09-03,10,3,44,2
1097,2025-06-17,2,104,5,2
1098,2025-02-03,3,142,9,3
1099,2026-08-27,4,51,17,1
1100,2026-08-19,2,51,7,2
1101,2026-04-29,6,12,21,3
1102,2026-03-02,8,58,34,2
1103,2026-08-26,5,104,18,2
1104,2025-10-21,4,94,14,2
1105,2026-02-09,7,110,26,3
1106,2026-07-19,13,196,57,2
1107,2025-09-09,14,61,60,2
1108,2025-03-16,10,199,42,2
1109,2025-04-26,6,109,23,2
1110,2026-03-12,1,55,3,2
1111,2026-01-09,3,244,12,1
1112,2025-04-03,8,282,33,2
1113,2026-07-20,11,127,48,2
1114,2026-08-30,4,120,15,2
1115,2025-01-20,6,197,22,2
1116,2025-01-28,3,53,12,2
1117,2026-06-29,9,247,40,3
1118,2025-08-22,16,158,68,2
1119,2025-02-21,15,197,62,2
1120,2026-06-13,15,285,62,1
1121,2026-01-22,5,229,18,1
1122,2026-02-15,7,281,30,2
1123,2025-09-27,2,16,8,2
1124,2025-07-24,17,243,71,2
1125,2026-02-26,11,165,46,2
1126,2026-06-24,19,124,80,2
1127,2025-05-31,2,90,6,2
1128,2025-04-20,20,252,84,2
1129,2026-07-20,4,138,16,2
1130,2025-01-31,19,96,81,1
1131,2026-03-09,16,32,66,2
1132,2025-02-10,13,229,55,1
1133,2026-04-15,7,212,26,2
1134,2025-01-06,14,285,58,2
1135,2025-08-13,12,56,53,1
1136,2025-03-31,16,277,67,2
1137,2025-05-09,10,31,44,1
1138,2025-09-29,12,251,52,2
1139,2026-01-08,14,254,60,1
1140,2025-06-19,4,24,15,2
1141,2025-02-05,9,294,39,2
1142,2025-03-10,6,184,22,2
1143,2025-08-20,11,18,50,1
1144,2025-06-17,10,202,42,2
1145,2025-10-04,4,138,15,2
1146,2026-05-24,4,125,15,2
1147,2025-01-16,9,34,36,2
1148,2025-08-23,13,39,56,2
1149,2026-01-28,17,129,73,2
1150,2025-10-03,19,273,81,2
1151,2025-12-30,12,170,52,2
1152,2025-09-01,4,154,14,1
1153,2025-09-25,19,72,83,2
1154,2025-11-26,18,131,75,1
1155,2026-05-10,1,278,3,2
1156,2025-12-15,20,85,84,2
1157,2025-06-25,17,278,71,3
1158,2026-05-09,17,204,72,2
1159,2025-06-12,13,285,55,2
1160,2025-06-26,6,229,23,2
1161,2025-10-08,6,126,22,2
1162,2025-02-10,13,228,55,2
1163,2025-08-26,10,10,41,2
1164,2025-05-18,7,91,29,2
1165,2026-02-14,16,165,66,2
1166,2026-02-05,16,67,69,2
1167,2025-05-31,3,218,12,1
1168,2025-10-17,4,133,14,1
1169,2026-02-02,6,241,24,2
1170,2026-04-30,9,36,38,2
1171,2025-06-22,10,22,42,2
1172,2025-12-20,6,138,22,2
1173,2026-07-03,6,151,23,2
1174,2025-06-27,9,240,40,2
1175,2025-08-29,3,143,12,2
1176,2026-05-16,14,157,58,1
1177,2026-04-08,13,278,55,1
1178,2026-01-12,13,35,57,1
1179,2025-03-03,20,18,88,2
1180,2025-10-25,18,11,77,3
1181,2025-10-01,8,228,32,3
1182,2026-02-19,15,12,62,2
1183,2026-08-12,14,244,59,2
1184,2025-02-17,7,169,29,2
1185,2025-01-25,17,205,73,1
1186,2026-07-29,15,135,61,2
1187,2025-07-30,1,201,4,2
1188,2025-07-01,7,298,29,1
1189,2026-07-30,6,62,24,2
1190,2025-09-26,18,158,77,2
1191,2025-11-06,3,168,10,1
1192,2025-01-28,19,231,83,3
1193,2026-01-12,15,2,62,2
1194,2025-03-19,8,76,31,2
1195,2025-10-05,13,193,57,1
1196,2025-09-16,2,195,5,1
1197,2025-06-09,4,28,17,2
1198,2025-06-13,17,233,70,2
1199,2025-01-20,10,16,43,2
1200,2026-03-10,14,2,60,3
1201,2026-04-29,13,88,55,2
1202,2025-02-28,8,234,31,2
1203,2025-07-08,11,196,49,2
1204,2026-01-18,5,84,19,2
1205,2025-07-07,12,5,52,2
1206,2025-09-06,1,151,2,2
1207,2026-06-30,9,41,39,1
1208,2025-12-27,17,61,71,1
1209,2026-01-26,8,20,34,2
1210,2025-05-19,19,90,83,1
1211,2026-01-29,19,6,81,2
1212,2026-08-28,7,194,27,3
1213,2025-11-25,18,111,75,1
1214,2025-09-10,1,63,3,2
1215,2025-03-28,20,98,88,2
1216,2025-03-10,15,76,64,3
1217,2025-11-04,19,112,80,2
1218,2026-03-22,5,277,18,2
1219,2025-12-11,2,120,6,1
1220,2025-09-25,14,53,60,2
1221,2026-01-09,1,243,1,2
1222,2025-12-08,17,293,73,3
1223,2025-05-04,10,132,44,1
1224,2025-02-23,13,7,55,2
1225,2026-08-21,2,171,6,2
1226,2025-11-02,15,98,61,1
1227,2025-01-27,9,221,38,2
1228,2026-01-01,16,286,66,2
1229,2025-09-19,12,99,54,2
1230,2025-11-25,12,49,51,1
1231,2025-01-03,2,243,8,2
1232,2025-10-10,10,277,41,3
1233,2025-01-25,6,277,21,1
1234,2025-10-13,18,205,78,2
1235,2025-06-11,5,165,19,2
1236,2025-05-16,8,214,33,2
1237,2026-07-26,16,259,66,2
1238,2026-07-08,20,48,88,1
1239,2025-12-10,13,50,55,2
1240,2025-10-30,4,17,17,3
1241,2026-05-03,20,4,87,2
1242,2025-07-21,18,71,79,2
1243,2026-05-13,8,216,33,1
1244,2025-05-22,12,7,52,1
1245,2026-06-14,1,199,2,2
1246,2026-06-28,12,67,51,1
1247,2025-01-12,20,62,88,1
1248,2025-05-27,2,15,6,2
1249,2026-04-24,15,292,63,1
1250,2026-03-17,2,274,5,2
1251,2025-10-20,18,145,78,3
1252,2026-02-03,1,281,1,2
1253,2025-02-23,4,254,17,2
1254,2026-04-05,15,152,61,1
1255,2025-03-14,12,14,53,2
1256,2025-11-20,14,49,59,2
1257,2026-08-28,3,126,10,2
1258,2026-08-21,11,240,50,2
1259,2026-03-16,13,110,57,2
1260,2026-07-27,20,136,87,2
1261,2025-04-01,8,243,34,2
1262,2025-08-11,14,124,59,2
1263,2025-10-24,7,208,29,2
1264,2025-09-22,20,96,88,2
1265,2025-01-23,5,94,18,2
1266,2025-05-22,17,151,72,2
1267,2025-10-03,11,169,45,1
1268,2025-07-26,20,36,88,2
1269,2025-06-04,5,222,18,3
1270,2025-11-02,2,206,8,1
1271,2025-11-17,13,172,55,2
1272,2025-10-04,2,254,6,2
1273,2025-02-10,14,8,58,2
1274,2026-05-13,15,162,63,2
1275,2025-09-21,19,40,82,2
1276,2025-10-31,5,224,19,2
1277,2025-12-04,6,54,21,2
1278,2025-05-21,14,84,60,3
1279,2026-06-01,13,237,57,1
1280,2026-06-23,5,231,18,2
1281,2026-08-13,7,131,30,2
1282,2025-10-03,17,228,73,2
1283,2025-05-25,2,294,5,2
1284,2026-06-20,9,256,37,3
1285,2025-10-09,9,221,38,2
1286,2025-02-28,17,150,71,2
1287,2025-07-26,1,104,2,2
1288,2025-11-02,14,24,58,1
1289,2025-10-12,2,16,6,1
1290,2026-08-13,20,249,87,1
1291,2025-01-14,20,270,86,2
1292,2025-01-15,16,261,68,2
1293,2025-09-14,14,87,58,2
1294,2026-04-25,17,9,72,2
1295,2026-03-24,16,273,68,2
1296,2026-06-19,7,257,25,1
1297,2026-08-08,17,55,72,2
1298,2025-06-19,18,144,77,2
1299,2026-01-16,19,45,81,2
1300,2025-12-15,5,186,19,2
1301,2026-04-07,8,61,34,2
1302,2025-10-07,2,162,8,1
1303,2025-11-18,14,161,59,2
1304,2026-06-11,15,237,62,2
1305,2026-02-19,12,86,54,1
1306,2025-06-09,7,12,29,3
1307,2025-12-08,6,15,21,1
1308,2025-04-11,18,199,78,2
1309,2025-08-13,2,68,8,2
1310,2026-03-24,8,262,33,1
1311,2025-12-13,17,98,71,2
1312,2025-11-22,11,22,50,2
1313,2026-06-13,20,114,88,2
1314,2026-05-10,10,158,41,3
1315,2026-02-15,11,102,45,2
1316,2026-07-05,15,229,65,2
1317,2026-02-26,17,135,72,3
1318,2025-08-12,1,222,1,3
1319,2026-05-26,4,299,16,2
1320,2025-02-08,18,107,79,2
1321,2025-06-29,6,117,22,2
1322,2025-08-01,13,239,55,2
1323,2026-05-14,18,43,76,2
1324,2025-03-20,1,85,2,2
1325,2025-10-08,4,154,15,1
1326,2026-02-19,19,275,81,2
1327,2025-04-30,1,96,4,2
1328,2025-03-21,14,223,59,2
1329,2025-10-03,5,113,20,2
1330,2026-05-15,18,216,75,2
1331,2025-05-04,10,207,43,2
1332,2026-02-09,3,156,12,3
1333,2025-08-12,16,195,67,2
1334,2026-01-20,6,225,24,1
1335,2025-07-03,18,2,76,1
1336,2026-05-08,9,205,39,2
1337,2026-01-18,13,43,57,1
1338,2025-08-07,17,163,73,2
1339,2026-03-22,8,254,34,2
1340,2025-03-29,18,125,77,2
1341,2025-04-17,18,88,77,3
1342,2025-04-10,3,234,13,2
1343,2025-09-08,14,102,60,3
1344,2026-02-18,6,7,22,2
1345,2025-12-01,11,10,50,3
1346,2025-01-28,4,79,16,2
1347,2025-09-13,4,218,17,2
1348,2026-01-22,6,191,21,2
1349,2025-09-20,3,107,9,2
1350,2026-01-23,12,265,52,3
1351,2026-02-26,8,172,33,1
1352,2025-09-28,14,89,58,2
1353,2026-08-10,16,142,67,2
1354,2026-07-31,13,171,56,1
1355,2026-03-03,17,214,70,2
1356,2026-02-08,10,139,44,2
1357,2026-07-19,5,296,20,1
1358,2025-11-01,13,78,56,2
1359,2025-10-21,11,109,47,2
1360,2025-05-31,13,276,57,2
1361,2026-02-08,8,52,31,1
1362,2026-04-28,5,31,19,1
1363,2025-01-20,14,284,59,2
1364,2025-07-21,4,204,16,2
1365,2025-07-30,10,208,43,3
1366,2025-08-09,19,6,82,2
1367,2026-08-04,13,150,57,2
1368,2025-04-21,2,200,5,2
1369,2025-07-19,19,42,80,2
1370,2025-10-16,9,52,39,2
1371,2025-04-17,9,47,39,2
1372,2025-02-03,4,279,17,1
1373,2025-12-04,7,257,27,2
1374,2026-08-29,19,249,80,2
1375,2025-05-19,4,9,16,2
1376,2026-05-12,10,70,43,3
1377,2026-01-13,14,262,59,2
1378,2025-05-06,20,195,84,1
1379,2025-12-06,3,112,11,2
1380,2025-03-18,6,160,24,2
1381,2026-02-04,17,219,72,2
1382,2026-02-16,14,179,59,2
1383,2026-02-18,15,200,62,2
1384,2025-04-24,3,141,11,1
1385,2025-02-11,14,134,58,1
1386,2026-05-13,2,52,7,2
1387,2025-05-24,4,83,16,2
1388,2026-06-23,16,80,68,2
1389,2025-09-10,12,60,51,2
1390,2026-08-30,5,272,18,2
1391,2026-06-21,16,238,66,2
1392,2025-03-21,11,155,46,2
1393,2026-07-18,15,66,63,2
1394,2025-12-19,1,114,4,2
1395,2026-04-01,5,114,18,2
1396,2026-05-20,18,177,76,1
1397,2026-08-04,1,221,4,2
1398,2025-09-04,11,236,48,2
1399,2026-07-28,3,215,10,2
1400,2026-05-06,17,100,72,1
1401,2025-01-10,16,166,67,2
1402,2026-04-11,2,41,7,1
1403,2025-01-30,15,300,63,2
1404,2025-12-13,7,74,26,1
1405,2025-08-20,5,199,20,2
1406,2026-03-30,20,47,88,2
1407,2026-08-28,4,124,16,2
1408,2025-02-16,8,257,32,2
1409,2025-08-05,4,125,15,2
1410,2026-08-19,2,95,5,2
1411,2025-12-29,3,189,13,3
1412,2025-12-19,8,147,31,1
1413,2025-03-19,15,274,64,2
1414,2025-03-24,12,54,52,1
1415,2025-01-28,14,65,58,1
1416,2025-06-09,3,31,13,2
1417,2026-03-14,1,245,4,2
1418,2025-05-22,19,37,81,2
1419,2025-07-17,5,160,20,2
1420,2025-09-07,18,77,78,1
1421,2025-05-10,13,107,57,3
1422,2026-08-07,16,176,69,2
1423,2026-02-07,12,220,52,2
1424,2026-01-10,8,251,32,1
1425,2025-06-18,10,82,44,2
1426,2025-05-13,1,297,4,3
1427,2026-05-20,5,214,19,2
1428,2025-05-22,9,138,40,2
1429,2026-05-21,5,150,18,2
1430,2025-10-26,12,267,51,1
1431,2026-07-23,3,232,11,1
1432,2026-08-05,5,29,20,1
1433,2025-07-21,15,203,61,2
1434,2025-01-28,3,78,10,1
1435,2026-02-02,17,65,72,1
1436,2026-02-20,1,277,2,2
1437,2026-03-22,9,147,39,1
1438,2025-09-25,4,75,15,2
1439,2025-10-26,3,170,9,2
1440,2026-08-14,7,261,29,2
1441,2025-09-05,10,140,41,2
1442,2026-05-04,9,112,39,2
1443,2026-01-26,13,163,57,2
1444,2025-06-08,3,20,13,1
1445,2026-05-11,18,105,79,1
1446,2026-08-17,13,183,56,1
1447,2025-08-01,1,275,3,2
1448,2025-09-11,8,123,33,2
1449,2026-07-27,15,172,64,2
1450,2025-06-05,1,4,2,1
1451,2025-09-19,18,114,79,2
1452,2026-07-12,4,3,15,2
1453,2025-06-20,15,285,62,3
1454,2026-05-08,5,66,19,1
1455,2025-10-25,5,152,18,2
1456,2025-05-04,16,219,66,1
1457,2026-01-22,14,21,59,2
1458,2025-05-22,5,145,18,3
1459,2026-08-17,6,46,22,2
1460,2025-02-21,16,216,67,1
1461,2026-03-06,3,78,12,2
1462,2026-04-12,9,173,38,1
1463,2025-04-02,7,252,27,2
1464,2026-06-02,9,125,38,3
1465,2026-03-10,5,209,20,2
1466,2025-01-03,16,149,67,2
1467,2025-03-30,1,26,4,2
1468,2025-07-22,7,30,30,3
1469,2025-03-01,7,46,25,2
1470,2026-06-18,3,228,13,2
1471,2026-07-11,9,172,35,1
1472,2025-04-01,15,218,64,2
1473,2025-12-24,14,35,60,1
1474,2025-02-07,8,46,31,3
1475,2026-05-31,16,230,67,2
1476,2026-05-01,14,120,60,3
1477,2025-04-11,16,246,69,2
1478,2025-06-15,1,204,1,2
1479,2025-11-29,13,203,55,2
1480,2025-04-19,11,275,49,2
1481,2026-01-14,1,286,2,3
1482,2026-03-28,3,64,11,2
1483,2026-07-02,13,48,56,2
1484,2025-01-05,2,23,7,1
1485,2026-05-19,17,288,73,2
1486,2025-03-07,11,7,50,2
1487,2025-08-21,5,83,18,1
1488,2025-01-21,1,101,4,3
1489,2025-09-02,19,187,83,2
1490,2026-02-22,10,189,44,1
1491,2025-09-18,9,113,37,2
1492,2026-06-03,12,138,52,2
1493,2026-02-06,16,223,67,1
1494,2025-10-25,16,261,66,2
1495,2025-11-09,2,13,7,2
1496,2026-04-20,18,206,76,2
1497,2025-02-16,20,291,85,1
1498,2026-07-30,12,124,51,3
1499,2025-04-23,11,180,49,2
1500,2025-04-07,1,288,2,2
